0,-0.40667,0.85284
0,-0.37928,0.38765
0,-0.335,0.5395
0,-0.33026,0.20203
0,-0.70381,0.36057
0,-0.42997,0.45492
0,-0.82468,0.22186
0,-0.51087,0.5852
0,-0.28277,-0.050832
0,-0.56026,0.77198
0,-0.69504,0.30027
0,-0.70125,0.45501
0,-0.085851,0.33556
0,-0.50494,0.64197
0,-0.35251,0.59195
0,-0.58958,0.31029
0,-0.54423,0.55126
0,-0.40022,0.21673
0,-0.49619,0.48678
0,-0.39287,0.13731
0,-0.53776,0.3899
0,-0.34409,-0.017488
0,-0.68535,0.46552
0,-0.19108,0.26033
0,-0.44764,0.17928
0,-0.30152,0.49684
0,-0.55195,0.66567
0,-0.60795,0.79264
0,-0.56103,0.71589
0,-0.71462,-0.048991
0,-0.22625,0.53786
0,-0.57628,0.30408
0,-0.45313,0.23101
0,-0.54682,0.30366
0,-0.44414,0.33748
0,-0.58327,0.28911
0,-0.16088,0.29339
0,-0.58272,0.47533
0,-0.3906,0.016285
0,-0.57975,0.63007
0,-0.43224,0.19237
0,-0.14551,0.23668
0,-0.60085,0.15421
0,-0.79368,-0.17077
0,-0.58936,0.14516
0,-0.99859,0.64913
0,-0.66963,0.4071
0,-0.64135,0.36519
0,-0.61338,0.45988
0,-0.13601,0.49737
0,-0.73447,0.67736
0,-0.51752,0.37086
0,-0.13222,0.054694
0,-0.59957,0.44936
0,-0.38287,0.54967
0,-0.7562,0.53449
0,-0.5537,0.29757
0,-0.64588,0.32374
0,-0.79629,0.37707
0,-0.66528,0.28042
0,-0.54716,0.20778
0,-0.74799,0.39785
0,-0.0011754,0.62552
0,-0.29807,0.42021
0,-0.19576,0.12777
0,-0.66397,0.24852
0,-0.55111,0.34962
0,-0.63683,0.53728
0,-0.4701,0.12828
0,-0.8516,0.45292
0,-0.54212,0.46227
0,-0.54538,0.35851
0,-0.378,0.52747
0,-0.29733,0.50154
0,-0.63268,0.42335
0,-0.56297,0.77978
0,-0.56724,0.37529
0,-0.63755,0.63841
0,-0.59448,0.45625
0,-0.42141,0.35036
0,0.3189,0.54474
0,-0.63919,0.57471
0,-0.41661,0.52853
0,-0.80959,0.12458
0,-0.04004,0.27947
0,-0.34145,0.066548
0,-0.54255,0.16501
0,-0.47221,0.51791
0,-0.53597,0.69316
0,-0.47167,0.35942
0,-0.50352,0.16042
0,-0.57439,0.14049
0,-0.60476,0.57002
0,-0.67237,0.16635
0,-0.31376,0.652
0,-0.62806,0.21387
0,-0.72786,0.4752
0,-0.68276,0.49989
0,-0.30933,0.29618
0,-0.51653,0.23171
0,-0.63261,0.79169
0,-0.35485,0.23903
0,-0.72703,0.59823
0,-0.81101,0.64115
0,-0.61017,0.44543
0,-0.60176,-0.024767
0,-0.44043,0.42526
0,-0.51828,0.03448
0,-0.36923,0.27778
0,-0.39432,0.9265
0,-0.62501,0.70068
0,-0.38908,-0.068304
0,-0.79424,0.44835
0,-0.47225,0.34708
0,-0.66687,0.32469
0,-0.83959,0.47903
0,-0.66156,0.52435
0,-0.39035,0.7794
0,-0.59979,0.50182
0,-0.68333,0.1893
0,-0.34674,0.75345
0,-0.5913,0.38451
0,-0.79327,0.27533
0,-0.58054,0.33571
0,-0.36651,0.38281
0,-0.27665,0.51589
0,-0.5387,0.38973
0,-0.52895,0.5697
0,-0.36494,0.51228
0,-0.59407,0.54675
0,-0.63325,0.64449
0,-0.57569,0.49112
0,-0.5615,0.38356
0,-0.44821,0.83587
0,-0.91879,0.63956
0,-0.80554,0.1329
0,-0.51104,0.49605
0,0.012008,0.66774
0,-0.70205,0.56584
0,-0.40596,0.35629
0,-0.426,0.31734
0,-0.56202,0.53429
0,-0.49227,0.47677
0,-0.43125,0.38709
0,-0.07158,0.22953
0,-0.37516,0.25663
0,-0.64287,0.0062428
0,-0.28398,0.33875
0,-0.45054,0.60691
0,-0.76281,0.25245
0,-0.73724,0.57003
0,-0.4214,0.32907
0,-0.61687,0.35499
0,-0.42981,0.36914
0,-0.38048,0.31626
0,-0.29061,0.6373
0,-0.4807,0.71135
0,-0.56068,0.77692
0,-0.54841,0.69015
0,-0.55861,0.079321
0,-0.62895,0.51705
0,-0.78778,0.58899
0,-0.40146,0.098331
0,-0.47288,0.60596
0,-0.44674,0.70836
0,-0.49072,0.5624
0,-0.62117,0.47454
0,-0.55811,0.50375
0,-0.62145,0.49258
0,-0.40069,0.46707
0,-0.40128,0.31033
0,-0.26211,0.55826
0,-0.46464,0.40851
0,-0.41735,0.26449
0,-0.5038,0.59126
0,-0.34836,0.5948
0,-0.55122,0.492
0,-0.78249,0.21266
0,-0.42879,0.9103
0,-0.57685,-0.043601
0,-0.45189,0.54179
0,-0.41023,0.38458
0,-0.79728,-0.029062
0,-0.67072,0.27108
0,-0.58753,0.7876
0,-0.31348,0.27264
0,-0.53327,0.55167
0,-0.57771,0.547
0,-0.84506,0.61128
0,-0.33913,0.42727
0,-0.23664,0.84911
0,-0.51407,0.69376
0,-0.63313,0.6606
0,-0.61987,0.6694
0,-0.32478,0.47601
0,-0.53601,0.5408
0,-0.76353,0.5553
0,-0.37584,0.24359
0,-0.39159,0.50806
0,-0.46266,0.22366
0,-0.2383,0.096893
0,-0.62104,0.28149
0,-0.74847,0.35217
0,-0.57716,0.23219
0,-0.37381,0.25689
0,-0.5036,0.24886
0,-0.68392,0.52125
0,-0.49058,0.49699
0,-0.4039,0.52287
0,-0.62804,0.3638
0,-0.3385,0.34061
0,-0.30434,0.42167
0,-0.59864,0.44568
0,-0.70161,0.1813
0,-0.51128,0.5451
0,-0.3539,0.27791
0,-0.49004,0.38214
0,-0.73993,0.27691
0,-0.40399,0.75508
0,-0.45166,0.32151
0,-0.77968,0.12114
0,-0.77332,-0.1317
0,-0.53636,0.47477
0,-0.41357,0.24192
0,-0.37773,0.4247
0,-0.54671,0.1703
0,-0.27843,0.30389
0,-0.73898,0.19179
0,-0.5724,0.30313
0,-0.31487,0.83042
0,-0.754,0.40003
0,-0.40195,0.23807
0,-0.51161,0.18578
0,-0.2911,0.42698
0,-0.74425,0.45379
0,-0.5712,0.55025
0,-0.99252,0.046488
0,-0.68207,0.53128
0,-0.22422,0.4564
0,-0.55248,0.64862
0,-0.70331,0.30888
0,-0.49077,0.20598
0,-0.96631,0.40006
0,-0.39011,0.53496
0,-0.41656,0.52099
0,-0.64161,0.4107
0,-0.61571,0.17529
0,-0.62201,0.13336
0,-0.41487,0.07119
0,-0.52191,0.53822
0,-0.81274,0.67012
0,-0.54766,0.64781
0,-0.64665,0.37652
0,-0.62361,0.31365
0,-0.72587,0.59016
0,-0.48738,0.4583
0,-0.42448,0.19973
0,-0.42901,0.047806
0,-0.1811,0.50143
0,-0.79974,0.41544
0,-0.43761,0.37229
0,-0.55601,0.44789
0,-0.50941,0.38292
0,-0.42157,0.20022
0,-0.40461,0.45247
0,-0.39627,0.41362
0,-0.46067,0.17053
0,-0.59868,0.57941
0,-0.81377,0.64548
0,-0.85122,0.17149
0,-0.61502,0.10846
0,-0.36248,0.382
0,-0.54369,0.001475
0,0.18202,0.65541
0,-0.40683,0.52464
0,-0.49588,0.68381
0,-0.18931,0.46196
0,-0.59545,0.55905
0,-0.74987,0.39828
0,-0.20242,0.48845
0,-0.48456,0.38584
0,-0.7818,0.89715
0,-0.85682,0.47811
0,-0.54482,0.45087
0,-0.78944,0.62703
0,-0.74697,0.4581
0,0.0022421,0.79433
0,-0.31009,0.72626
0,-0.86955,0.5052
0,-0.53761,0.10636
0,-0.28333,-0.036095
0,-0.66,0.60442
0,-0.51704,0.83779
0,-0.68291,0.50967
0,-0.41769,0.22964
0,-0.67416,0.42517
0,-0.42057,0.38831
0,-0.268,0.71653
0,-0.41653,0.31647
0,-0.37922,0.32056
0,-0.52039,0.32716
0,-0.42553,0.47541
0,-0.61645,0.26653
0,-0.25914,0.093507
0,-0.4349,0.20005
0,-0.51685,0.4224
0,-0.6837,0.63981
0,-0.60846,0.56173
0,-0.36486,0.28651
0,-0.59502,0.53217
0,-0.43925,0.48399
0,-0.37842,0.70978
0,-0.62673,0.39757
0,-0.19503,0.60761
0,-0.55346,0.080894
0,-0.65398,0.059035
0,-0.50405,0.10591
0,-0.45021,0.28546
0,-0.67018,0.44108
0,-0.76992,0.50286
0,-0.8336,0.35498
0,-0.32393,0.52346
0,-0.63195,0.53641
0,-0.50606,0.77491
0,-0.1732,0.12374
0,-0.45571,0.27787
0,-0.74096,0.71792
0,-0.4585,0.33791
0,-0.347,0.2452
0,-0.62091,0.3848
0,-0.5376,0.17619
0,-0.52062,0.61406
0,-0.50131,0.57772
0,-0.73388,0.25371
0,-0.36559,0.33263
0,-0.55334,0.57941
0,-0.70699,0.43795
0,-0.85238,0.55569
0,-0.48846,0.5794
0,-0.63565,0.36248
0,-0.55926,0.23054
0,-0.68914,-0.028526
0,-0.34387,0.30139
0,-0.61022,0.36519
0,-0.8934,0.40706
0,-0.19374,0.40429
0,-0.26347,0.68806
0,-0.52911,0.3429
0,-0.63505,0.063132
0,-0.75795,0.38512
0,-0.58914,0.51838
0,-0.34266,0.27889
0,-0.49985,0.44981
0,-0.70237,0.40603
0,-0.48858,0.26727
0,-0.72831,0.27238
0,-0.7501,0.82358
0,-0.087363,0.41944
0,-0.62465,0.33994
0,-0.53532,0.41945
0,-0.25242,0.57307
0,-0.51616,0.3794
0,-0.91424,0.37748
0,-0.56873,0.52859
0,-0.70492,0.22832
0,-0.79766,0.56416
0,-0.78277,0.59918
0,-0.38275,0.46948
0,-0.64029,0.15471
0,-0.37409,0.097381
0,-0.56026,0.37192
0,-0.29253,0.36338
0,-0.47304,0.78578
0,-0.61047,0.30444
0,-0.28041,0.67472
0,-0.53798,0.62846
0,-0.87483,0.39834
0,-0.72501,0.83945
0,-0.69153,0.55039
0,-0.16427,0.52306
0,-0.44044,0.32408
0,-0.71009,0.48589
0,-0.20004,0.34446
0,-0.44889,0.14872
0,-0.39487,0.32013
0,-0.50182,0.46582
0,-0.63767,0.37499
0,-0.68078,0.21314
0,-0.63173,0.40999
0,-0.64691,0.76081
0,-0.69327,0.35335
0,-0.41569,0.49562
0,-0.38656,0.46493
0,-0.52995,0.50364
0,-0.26211,0.53576
0,-0.59229,0.34688
0,-0.55488,0.23202
0,-0.33237,0.4568
0,-0.57191,0.38678
0,-0.70375,0.35319
0,-0.38888,0.20491
0,-0.68316,0.44529
0,-0.28654,0.34502
0,-0.68785,0.35651
0,-0.3508,-0.01013
0,-0.18294,0.42679
0,-0.87948,0.23971
0,-0.56033,0.72041
0,-0.17221,0.20238
0,-0.59775,0.50004
0,-0.57935,0.43297
0,-0.27919,0.48167
0,-0.46357,0.40305
0,-0.48224,0.18792
0,-0.95877,0.42977
0,-0.52036,0.41217
0,-0.65281,0.4456
0,-0.51312,0.87462
0,-0.53462,0.4738
0,-0.69923,0.29853
0,-0.61592,0.31436
0,-0.56902,0.42758
0,-0.64331,0.6217
0,-0.45919,0.31979
0,-0.64747,0.41514
0,-0.51217,0.33357
0,-0.39894,0.03201
0,-0.52689,0.27376
0,-0.67614,0.39187
0,-0.29587,0.24805
0,-0.33553,0.43447
0,-0.72321,0.62835
0,-0.47349,0.37094
0,-0.056334,0.66557
0,-0.61045,0.29527
0,-0.57817,0.53266
0,-0.39615,0.14663
0,-0.74154,0.57317
0,-0.2733,0.52944
0,-0.47973,0.33483
0,-0.37046,0.44563
0,-0.33031,0.56526
0,-0.57416,0.18595
0,-0.63825,0.66184
0,-0.21967,0.6144
0,0.037773,0.53637
0,-0.57522,0.70558
0,-0.438,0.15374
0,-0.65437,0.27382
0,-0.43733,0.66446
0,-0.51833,0.41696
0,-0.37043,0.67352
0,-0.58201,0.62573
0,-0.050696,0.22928
0,-0.60241,0.38333
0,-0.67286,0.73271
0,-0.58394,0.48751
0,-0.41611,0.4086
0,-0.19828,0.43231
0,0.12491,0.4504
0,-0.25039,0.61859
0,-0.093074,0.25986
0,-0.36404,0.31318
0,-0.14568,0.5387
0,-0.29851,0.43307
0,-0.20367,0.23213
0,-0.5341,0.17256
0,-0.36833,0.26524
0,-0.4513,0.12728
0,-0.6097,0.096012
0,-0.67342,0.26078
0,-0.40946,0.35306
0,-0.62666,0.63794
0,-0.5586,0.44836
0,0.0089968,0.6218
0,-0.64653,0.17926
0,-0.4152,0.59216
0,-0.2644,0.44071
0,-0.0098371,0.39932
0,-0.62291,0.65287
0,-0.77265,0.5401
0,-0.63145,0.80401
0,-0.89967,0.48902
0,-0.57735,0.62729
0,-0.68572,0.20178
0,-0.60848,0.59226
0,-0.35369,0.24929
0,-0.25742,0.19627
0,-0.59874,0.26092
0,-0.34365,0.18388
0,-0.12173,0.73558
0,-0.44043,0.69684
0,-0.58333,0.28425
0,-0.63019,0.38391
0,-0.37789,0.24496
0,-0.79713,0.56009
0,-0.42858,0.24603
0,-0.77085,0.65799
0,-0.6892,0.31168
0,-0.29757,0.16974
0,-0.55106,0.44655
0,-0.4983,0.34043
0,-0.54017,0.66124
0,-0.32799,0.10557
0,-0.71753,0.22377
0,-0.33165,0.64156
0,-0.732,0.66611
0,-0.26335,0.54351
0,-0.55363,0.41295
0,-0.75728,0.45777
0,-0.52947,0.55516
0,-0.37554,0.67128
0,-0.4764,0.19133
0,-0.5316,0.72695
0,-0.67898,0.64266
0,-0.51245,0.38177
0,-0.30679,0.28608
0,-0.46228,0.43023
0,-0.80654,0.8357
0,-0.45997,0.51215
0,-0.3552,0.09719
0,-0.50188,0.14408
0,-0.38476,0.32262
0,-0.40842,0.25803
0,-0.43589,0.27899
0,-0.33418,0.21335
0,-0.46211,0.4836
0,-0.75557,0.7524
0,-0.44175,-0.0039496
0,-0.47033,0.63018
0,-0.55621,0.30252
0,-0.57798,-0.055141
0,-0.2363,0.56129
0,-0.13253,0.44823
0,-0.32386,0.35846
0,-0.60272,0.41359
0,-0.78565,0.49169
0,-0.57442,0.20055
0,-0.71552,0.3785
0,-0.56496,0.32526
0,-0.57329,0.42208
0,-0.62288,0.25511
0,-0.41642,0.6627
0,-0.80638,0.31745
0,-0.60543,0.46666
0,-0.96521,0.37159
0,-0.93098,0.33007
0,-0.42409,0.45645
0,-0.048745,0.41848
0,-0.34709,0.37376
0,-0.52405,0.57559
0,-0.38728,0.69821
0,-0.3924,0.2603
0,-0.65268,0.55456
0,-0.32953,0.20732
0,-0.85902,0.53069
0,-0.13293,0.12908
0,-0.22591,0.69013
0,-0.18083,0.6695
0,-0.39126,0.1655
0,-0.44524,0.69243
0,-0.63225,-0.063217
0,-0.52284,0.45148
0,-0.46054,0.22912
0,-0.31621,0.63252
0,-0.74052,0.47971
0,-0.65075,0.64796
0,-0.36855,0.58014
0,-0.37304,0.42923
0,-0.17344,0.36315
0,-0.20322,0.25658
0,-0.66988,0.36263
0,-0.53411,0.48135
0,-0.60953,0.71129
0,-0.74893,0.12985
0,-0.77067,0.47754
0,-0.71224,0.82389
0,-0.44281,0.40146
0,-0.24302,0.56733
0,-0.63616,0.28374
0,-0.28618,0.62499
0,-0.89314,0.15809
0,-0.39038,0.29454
0,-0.75779,0.27241
0,-0.48156,0.27881
0,-0.28736,0.25945
0,-0.36969,0.40658
0,-0.4017,0.31468
0,-0.17945,0.47898
0,-0.73929,0.87043
0,-0.65943,0.61539
0,-0.53677,0.23333
0,-0.70871,0.3583
0,-0.24962,0.54687
0,-0.38432,0.33195
0,-0.32726,0.28209
0,-0.23289,0.41672
0,-0.67458,0.49562
0,-0.85081,0.58916
0,-0.51558,0.84885
0,0.0093532,0.14391
0,-0.57218,0.14318
0,-0.083463,0.45551
0,-0.64589,0.74671
0,-0.67758,0.10992
0,-0.38212,0.76951
0,-0.78126,0.43547
0,-0.94773,0.31573
0,-0.44184,0.41712
0,-0.7461,0.12364
0,-0.33532,0.59228
0,-0.30833,0.37179
0,-0.70655,0.4929
0,-0.58676,0.37839
0,-0.3632,0.47078
0,-0.27779,0.08627
0,-0.58616,0.56771
0,0.20098,0.46903
0,-0.67426,-0.01907
0,0.061541,0.47443
0,-0.56836,0.43501
0,-0.47464,0.285
0,-0.28967,0.40646
0,-0.30034,0.17295
0,-0.70253,0.23273
0,-0.53174,0.35441
0,-0.61427,0.87077
0,-0.69188,0.25042
0,-0.44718,0.26841
0,-0.36528,0.40277
0,-0.80133,0.48712
0,-0.40223,0.51417
0,-0.96138,0.40077
0,-0.4991,0.30014
0,-0.23254,0.43639
0,-0.24362,0.21204
0,-0.53546,0.73238
0,-0.72014,0.24042
0,-0.53387,0.22532
0,-0.17626,0.57236
0,-0.54833,0.29984
0,-0.26631,0.4563
0,-0.39006,-0.22484
0,-0.46409,0.44196
0,-0.34507,0.5542
0,-0.74781,0.23534
0,-0.5314,0.36307
0,-0.65629,0.67304
0,-0.81985,0.68663
0,-0.4241,0.36979
0,-0.61827,0.41143
0,-0.37093,0.51043
0,-0.2598,0.26159
0,-0.29706,0.21193
0,-0.69296,0.38672
0,-0.3067,0.22135
0,-0.68535,0.29604
0,-0.33181,0.23772
0,-0.62547,0.65406
0,-0.62032,0.39366
0,-0.34757,0.61516
0,-0.59758,0.86558
0,-0.33678,0.009965
0,-0.6193,0.99499
0,-0.43467,0.36634
0,-0.38519,0.35903
0,-0.51774,0.2104
0,-0.61917,-0.048268
0,-0.39148,0.13138
0,-0.37947,0.61715
0,-0.43566,0.53312
0,-0.82914,0.25227
0,-0.49663,0.41878
0,-0.39493,0.22464
0,-0.52083,0.43886
0,-0.49015,0.76302
0,-0.99723,0.70503
0,-0.41232,0.38264
0,-0.47008,0.39671
0,-0.065001,0.55183
0,-0.14351,0.32087
0,-0.80177,0.6294
0,-0.77132,0.61486
0,-0.65043,0.32949
0,-0.38266,0.63891
0,-0.47298,0.47513
0,-0.5935,0.49802
0,-0.76457,0.67106
0,-0.4471,0.35995
0,-0.40272,0.27852
0,-0.56935,0.22653
0,-0.69286,0.28593
0,-0.26006,0.56926
0,-0.36514,0.42256
0,-0.37404,0.026728
0,-0.43297,0.18226
0,-0.19306,0.39799
0,-0.64278,0.25482
0,-0.24207,0.5761
0,-0.64317,0.433
0,-0.36555,0.61715
0,-0.67748,0.78777
0,-0.27586,0.23911
0,-0.39709,0.64362
0,-0.41796,0.12332
0,-0.11944,0.45618
0,-0.24382,0.092597
0,-0.49235,0.33773
0,0.034537,0.20058
0,-0.42392,0.50361
0,-0.3466,0.16643
0,-0.44104,0.13388
0,-0.35772,0.55221
0,-0.61221,0.84982
0,-0.34387,0.11975
0,-0.92452,0.59522
0,-0.3649,0.50416
0,-0.55927,0.49042
0,-0.11415,0.45722
0,-0.33363,0.402
0,-0.70676,0.32223
0,-0.50093,0.47621
0,-0.37405,0.56567
0,-0.37336,0.10116
0,-0.64571,0.54253
0,-0.40742,0.17251
0,-0.70138,0.36393
0,-0.57984,0.38191
0,0.050777,-0.06458
0,-0.4611,0.081562
0,-0.29601,0.15542
0,-0.27267,0.50537
0,-0.5131,0.22704
0,-0.38986,0.21556
0,-0.53656,0.38181
0,-0.65662,-0.13559
0,-0.73432,0.4928
0,-0.18034,0.40686
0,-0.67522,-0.15508
0,-0.13864,0.63547
0,-0.37567,0.20172
0,-0.53094,0.29665
0,-0.76842,0.34675
0,-0.89656,0.31957
0,-0.92516,0.36168
0,-0.38379,0.76557
0,-0.59594,0.043619
0,-0.58438,0.4353
0,-0.61998,0.22082
0,-0.49032,0.6857
0,-0.42426,0.14378
0,-0.7062,0.18547
0,-0.66855,0.34141
0,-0.69096,0.19588
0,-0.35354,0.59089
0,-0.59118,0.54375
0,-0.1092,0.24686
0,-0.48913,0.73476
0,-0.62462,0.31341
0,-0.28561,0.27626
0,-0.58981,0.55781
0,-0.32431,0.4523
0,-0.36526,0.47171
0,-0.28381,0.34424
0,-0.5198,0.44414
0,-0.3284,0.6249
0,-0.61812,0.44136
0,-0.71205,0.40897
0,-0.59996,0.61017
0,-0.49669,0.8309
0,-0.29557,0.33078
0,-0.68024,0.7717
0,-0.51877,0.11822
0,-0.64232,0.4175
0,-0.39394,0.50866
0,-0.59652,0.55886
0,-0.074124,0.31448
0,-0.89635,0.5383
0,-0.65573,0.42958
0,-0.53291,0.20658
0,-0.26875,0.4266
0,-0.67292,0.81328
0,-0.32696,0.30872
0,-0.35194,0.77723
0,-0.48637,0.79074
0,-0.82623,0.42576
0,-0.64428,0.3166
0,-0.69436,0.39871
0,-0.56095,0.43451
0,-0.52204,0.24622
0,-0.23537,-0.01578
0,-0.63485,0.67572
0,-0.48077,0.47486
0,-0.54152,0.49034
0,-0.35678,0.23745
0,-0.63501,0.4553
0,-0.099353,0.58801
0,-0.66763,0.46547
0,-0.37933,0.44371
0,-0.67037,0.60287
0,-0.49052,0.14887
0,-0.20539,0.24517
0,-0.50935,0.35163
0,-0.23136,0.6429
0,-0.34225,0.6323
0,-0.60138,0.47182
0,-0.31647,0.39701
0,-0.55256,0.6527
0,-0.42904,0.44833
0,-0.053009,0.51539
0,-0.29677,0.60938
0,-0.49351,0.25706
0,-0.41658,0.43308
0,-0.73288,0.30822
0,-0.67357,0.31373
0,-0.67606,0.33626
0,-0.51862,-0.013435
0,-0.36873,0.26649
0,-0.62414,0.22218
0,-0.44248,0.28863
0,-0.3747,0.20897
0,-0.31499,0.37903
0,-0.39847,0.61441
0,-0.38868,0.27096
0,-0.57679,0.50692
0,-0.52162,0.23916
0,-0.70431,0.34204
0,-0.46839,0.55398
0,-0.55709,0.0019813
0,-0.43845,0.34376
0,-0.41126,0.63498
0,-0.43386,0.45714
0,-0.048636,0.33732
0,-0.33019,0.50645
0,-0.52114,0.72892
0,-0.56913,0.4865
0,-0.40262,0.11235
0,-0.75386,0.10396
0,-0.57283,0.29338
0,-0.37739,0.52829
0,-0.32837,0.64907
0,-0.38945,0.37294
0,-0.69899,0.81189
0,-0.42847,0.47168
0,-0.42679,0.57787
0,-0.098974,0.56209
0,-0.69633,0.46051
0,-0.34606,0.27428
0,-0.35609,0.33846
0,-0.50442,0.30616
0,-0.27167,0.42886
0,-0.47978,0.548
0,-0.83026,0.50151
0,-0.77512,0.40191
0,-0.45946,0.67446
0,-0.58311,0.37669
0,-0.33324,0.39608
0,-0.39236,0.33671
0,-0.42034,0.45864
0,-0.58716,0.66195
0,-0.6711,-0.030561
0,-0.17254,0.58698
0,-0.38789,0.54233
0,-0.2279,0.35464
0,-0.57099,0.23733
0,-0.54478,0.52453
0,-0.4609,0.34933
0,-0.45984,0.57517
0,-0.30819,0.62531
0,-0.85026,0.028069
0,-0.47301,0.40858
0,-0.50501,-0.071186
0,-0.8342,0.24148
0,-0.67996,0.35153
0,-0.41252,0.3715
0,-0.2971,0.62431
0,-0.54163,0.42763
0,-0.88422,0.55024
0,-0.22034,0.82875
0,-0.48155,0.36856
0,-0.27248,0.27038
0,-0.70257,0.34377
0,-0.47968,0.60761
0,-0.3237,0.24012
0,-0.57439,0.619
0,-0.55959,0.53392
0,-0.39463,0.36132
0,-0.49657,0.17783
0,-0.46094,0.42956
0,-0.58539,0.19958
0,-0.1097,0.39152
0,-0.57626,0.3883
0,-0.64231,0.47667
0,-0.75746,0.24949
0,-0.73768,0.48361
0,-0.50669,0.52255
0,-0.54074,0.25192
0,-0.63239,0.17042
0,-0.37621,0.48477
0,-0.25594,0.38856
0,-0.24807,0.29377
0,-0.48536,0.061105
0,-0.38192,0.11088
0,-0.59307,0.65796
0,-0.49504,0.13249
0,-0.66365,0.57396
0,-0.16049,0.28119
0,-0.29356,0.14112
0,-0.38533,0.46197
0,-0.27754,0.16559
0,-0.71605,0.0040238
0,-0.87007,0.66095
0,-0.74903,0.61431
0,-0.48761,0.87621
0,-0.39424,0.49167
0,-0.71323,0.072034
0,-0.12689,0.6148
0,-0.68508,0.11482
0,-0.27026,0.46417
0,-0.763,0.4196
0,-0.28197,0.36492
0,-0.6367,0.34373
0,-0.27284,0.39744
0,-0.5158,0.18201
0,-0.36032,0.51953
0,-0.57088,0.59352
0,-0.47135,-0.14672
0,-0.26811,0.86719
0,-0.61606,0.50929
0,-0.50601,0.56593
0,-0.53117,0.2545
0,-0.77979,0.85371
0,-0.71271,0.61793
0,-0.22782,0.17434
0,-0.347,0.36425
0,-0.76728,0.40337
0,-0.70257,0.71549
0,-0.34096,0.37842
0,-0.4942,0.56689
0,-0.6229,0.59018
0,-0.56401,0.59816
0,-0.59437,0.06351
0,-0.25142,0.62044
0,-0.27587,0.19032
0,-0.69169,0.57142
0,-0.57609,0.37131
0,-0.35654,0.35732
0,-0.18373,0.8786
0,-0.57346,0.63062
0,-0.37084,0.48193
0,-0.42524,0.65643
0,-0.2474,0.3664
0,-0.50786,0.038545
0,-0.57386,0.55501
0,-0.78248,0.45726
0,-0.19021,0.21656
0,-0.48899,0.47551
0,-0.81219,0.47484
0,-0.53744,0.72506
0,-0.96292,0.3424
0,-0.63211,0.079023
0,-0.13415,0.59049
0,-0.73727,0.26272
0,-0.47891,-0.014132
0,-0.48476,0.30308
0,-0.71153,0.38688
0,-0.52509,0.37075
0,-0.46018,0.36313
0,-0.4018,0.54387
0,-0.57012,0.41736
0,-0.27071,0.31242
0,-0.5215,-0.038818
0,-0.4336,0.35513
0,-0.30084,0.76038
0,-0.32232,0.18402
0,-0.78828,0.27336
0,-0.51805,0.17078
0,-0.72637,-0.055386
0,-0.79702,0.502
0,-0.66663,0.29141
0,-0.42483,0.5758
0,-0.70626,0.56052
0,-0.57143,0.4273
0,-0.56028,0.13104
0,-0.32496,0.92665
0,-0.70572,0.67939
0,-0.63244,0.59251
0,-0.2307,-0.15459
0,-0.26465,0.16339
0,-0.63663,0.29296
0,-0.27731,0.064686
0,-0.55939,0.22381
0,-0.61665,0.6515
0,-0.80814,0.6365
0,-0.56281,0.35539
0,-0.73877,0.56847
0,-0.43739,0.27399
0,-0.34257,0.52744
0,-0.58646,0.33104
0,-0.49599,0.43948
0,-0.37299,0.59807
0,-0.661,0.16867
0,-0.58288,0.42723
0,-0.91878,0.54877
0,-0.62087,0.36464
0,-0.40028,0.49424
0,-0.62288,-0.0076151
0,-0.37347,0.49131
0,-0.6026,0.57471
0,-0.32449,0.061931
0,-0.10762,0.22888
0,-0.94343,0.46114
0,-0.55896,0.058958
0,-0.37721,0.33885
0,-0.30191,0.20085
0,-0.61888,0.69869
0,-0.6094,0.61527
0,-0.89829,0.55768
0,-0.7576,0.12496
0,-0.70261,0.62708
0,-0.33811,0.27096
0,-0.53474,0.42488
0,-0.63579,0.37437
0,-0.46936,0.4808
0,-0.035034,0.4108
0,-0.58586,0.1324
0,-0.64414,0.36288
0,-0.21008,0.38169
0,-0.40542,0.40403
0,-0.25858,0.071096
0,-0.4119,0.12234
0,-0.42381,0.30244
0,-0.45558,0.81731
0,-0.48489,0.25334
0,-0.59601,0.40875
0,-0.7082,0.62203
0,-0.30701,0.8344
0,-0.27379,0.29214
0,-0.57063,0.32579
0,-0.37942,0.69504
0,-0.41353,0.2088
0,-0.50162,0.70144
0,-0.48329,0.12523
0,-0.16492,0.17864
0,-0.7813,0.2328
0,-0.49953,0.58681
0,-0.63327,0.30689
0,-0.5419,0.26176
0,-0.61067,0.67418
0,-0.17365,0.68817
0,-0.4791,0.39907
0,-0.691,0.074752
0,-0.526,0.71132
0,-0.83441,0.55781
0,-0.57256,0.53127
0,-0.4859,0.047574
0,-0.46068,0.35624
0,-0.76945,0.42414
0,-0.097048,0.37012
0,-0.57861,0.20536
0,-0.68792,0.63341
0,-0.53363,-0.044918
0,-0.7553,0.49058
0,-0.5074,0.38579
0,-0.37884,0.34151
0,-0.57693,0.37057
0,-0.60029,0.33104
0,-0.80953,0.027709
0,-0.52119,0.50915
0,-0.29321,0.10821
0,-0.50476,0.39836
0,-0.35816,0.23847
0,0.039309,0.48775
0,-0.035695,0.83049
0,-0.37702,0.43956
0,-0.41469,0.064296
0,-0.38137,0.50097
0,-0.34559,0.53461
0,-0.44142,0.59634
0,-0.44924,0.53195
0,-0.55951,0.42689
0,-0.43388,0.29479
0,-0.42874,0.48303
0,-0.59061,0.39166
0,-0.61274,0.40828
0,-0.22027,0.59152
0,-0.77707,0.12023
0,-0.31926,0.20881
0,-0.52164,0.30994
0,-0.24052,0.42554
0,-0.25156,0.18811
0,-0.43804,0.33527
0,-0.50308,0.60231
0,-0.48661,0.92821
0,-0.50412,0.62437
0,-0.48971,0.5246
0,-0.46256,0.83813
0,-0.39288,0.16779
0,0.22814,0.57352
0,-0.43445,0.53009
0,-0.24976,0.47552
0,-0.70543,0.47474
0,-0.17334,0.5466
0,-0.29063,0.69171
0,-0.72158,0.51114
0,-0.57655,0.33384
0,-0.22979,0.39768
0,-0.3551,0.21393
0,-0.11465,0.12826
0,-0.86193,0.39176
0,-0.3003,0.68748
0,-0.24222,0.50984
0,-0.74489,-0.033674
0,-0.74873,0.09697
0,-0.66452,0.31439
0,-0.47976,0.21863
0,-0.46956,0.39268
0,-0.46139,0.50705
0,-0.38145,0.7165
0,-0.67399,0.30943
0,-0.49024,0.63643
0,-0.54603,0.36441
0,-0.48311,0.41435
0,-0.41843,0.35367
0,-0.38537,0.66169
0,-0.53818,0.54391
0,-0.43619,0.60195
0,-0.70997,0.58309
0,-0.18691,0.23198
0,-0.55333,0.14028
0,-0.3637,0.53178
0,-0.41633,0.29352
0,-0.65006,0.73284
0,-0.71279,0.78272
0,-0.44296,0.59052
0,-0.51115,0.51989
0,-0.24062,0.54947
0,-0.42469,0.34786
0,-0.33478,0.10044
0,-0.27441,0.51166
0,-0.26458,0.99447
0,-0.53025,0.54589
0,-0.29335,0.51234
0,-0.64184,0.37115
0,-0.80954,0.4372
0,-0.53811,0.26184
0,-0.51077,0.26097
0,-0.83555,0.40151
0,-0.5134,0.35538
0,-0.22847,0.58815
0,-0.14773,0.66857
0,-0.52026,0.43388
0,-0.53075,0.43501
0,-0.33002,0.058722
0,-0.65206,0.49639
0,-0.082903,0.63806
0,-0.48007,0.29379
0,-0.43505,0.32316
0,-0.65425,0.33503
0,-0.28872,0.14178
0,-0.50016,0.39161
0,-0.61808,0.54086
0,-0.78159,0.45539
0,-0.62116,0.71689
0,-0.57745,0.44264
0,-0.57251,0.54501
0,-0.31134,0.40581
0,-0.15151,0.32447
0,-0.82989,0.516
0,-0.62933,0.25051
0,-0.46061,0.55537
0,-0.20257,0.89808
0,-0.4989,0.54875
0,-0.54974,0.54213
0,-0.22759,0.24655
0,-0.56393,0.49177
0,-0.79237,0.38593
0,-0.43186,0.30827
0,-0.31131,0.21554
0,-0.68425,0.56233
0,-0.52208,0.20038
0,-0.59884,0.23729
0,-0.70563,0.52357
0,-0.3808,0.42731
0,-0.36659,0.52578
0,-0.76021,0.15562
0,-0.54709,0.51124
0,-0.74895,0.46104
0,-0.62507,0.32047
0,-0.48813,0.59377
0,-0.14748,0.08496
0,-0.40215,0.54447
0,-0.64257,0.3141
0,-0.18708,0.28198
0,-0.5436,0.14783
0,-0.46375,0.35119
0,-0.41672,0.38385
0,-0.59623,0.12222
0,-0.55147,0.38704
0,-0.02859,0.15425
0,-0.08158,0.7289
0,-0.27557,0.29717
0,-0.91609,0.2333
0,-0.46527,0.29008
0,-0.50995,0.45684
0,-0.1682,0.80292
0,-0.50104,0.65714
0,-0.27434,0.18091
0,-0.64534,0.61894
0,-0.34148,0.33184
0,-0.48001,0.45098
0,-0.41366,0.52786
0,-0.51194,0.27389
0,-0.33762,0.66591
0,-0.48155,0.22837
0,-0.61072,0.12397
0,-0.6536,0.36228
0,-0.58715,0.36232
0,-0.65384,0.21974
0,-0.58145,0.52821
0,-0.54271,0.60267
0,-0.73448,0.1145
0,-0.53033,0.55116
0,-0.32194,0.49004
0,-0.54557,0.43356
0,-0.26992,0.51728
0,-0.21713,0.86039
0,-0.40278,0.27678
0,-0.44771,0.36591
0,-0.45728,0.27581
0,-0.61067,0.56571
0,-0.14577,0.76429
0,-0.56083,0.6733
0,-0.66369,0.598
0,-0.49414,0.14438
0,-0.49033,0.30199
0,-0.62507,0.90272
0,-0.62539,-0.005922
0,-0.48161,0.085954
0,-0.30503,0.70138
0,-0.28709,0.69863
0,-0.60171,0.23558
0,-0.84623,0.86077
0,-0.73935,0.40183
0,-0.3415,0.53221
0,-0.30843,0.549
0,-0.4941,0.33572
0,-0.83948,0.28757
0,-0.70498,0.59765
0,-0.80479,0.4767
0,-0.34542,0.1096
0,-0.474,0.23359
0,-0.86656,-0.093827
0,-0.44518,0.70368
0,-0.42958,0.40037
0,-0.78616,0.25319
0,-0.36415,0.13341
0,-0.59278,0.55422
0,-0.89384,0.58436
0,-0.67001,0.64492
0,-0.82821,0.51875
0,-0.43464,0.38922
0,-0.73454,0.37657
0,-0.3125,0.32303
0,-0.23602,0.38619
0,0.025257,0.38838
0,-0.57315,0.33033
0,-0.68406,0.48751
0,-0.20405,0.25771
0,-0.51395,-0.063273
0,-0.32481,0.6895
0,-0.53933,0.45284
0,-0.57323,0.31376
0,-0.40626,0.19385
0,-0.22558,0.34655
0,-0.73599,0.29087
0,-0.52296,0.57474
0,-0.86513,0.27054
0,-0.291,0.65296
0,-0.43952,0.56991
0,-0.15861,0.32475
0,-0.26129,0.52456
0,-0.48285,0.25984
0,-0.89658,0.32203
0,-0.72336,0.74787
0,-0.64788,0.4419
0,-0.45321,0.31318
0,-0.77994,0.20838
0,-0.50203,0.6037
0,-0.64482,0.44052
0,-0.43414,0.47651
0,-0.79137,0.30406
0,-0.012375,0.2698
0,-0.58341,0.39115
0,-0.15552,0.28405
0,-0.60584,0.12668
0,-0.75907,0.65858
0,-0.52837,0.41484
0,-0.60569,0.82768
0,-0.41033,0.24095
0,-0.73642,0.36373
0,-0.36324,0.47737
0,-0.64585,0.27242
0,-0.51925,0.27137
0,-0.54708,0.30858
0,-0.54518,0.21727
0,-0.34741,0.3654
0,-0.52757,0.49408
0,-0.48759,0.25821
0,-0.44629,0.12779
0,-0.31288,0.56731
0,-0.38802,0.9982
0,-0.57651,0.35351
0,-0.33273,0.2151
0,-0.76436,0.36181
0,-0.47543,0.39056
0,-0.67794,0.35667
0,-0.63257,0.47344
0,-0.90263,-0.025404
0,-0.75314,0.33414
0,-0.50855,0.52983
0,-0.8958,0.33878
0,-0.62087,0.20778
0,-0.23801,0.096562
0,-0.39168,0.23879
0,-0.47164,0.60725
0,-0.24283,0.40538
0,-0.73047,0.52272
0,-0.67853,0.39757
0,-0.716,0.279
0,-0.73715,0.18048
0,-0.64407,0.58421
0,-0.46327,0.5673
0,-0.43237,0.12682
0,-0.40578,0.13015
0,-0.75598,0.40509
0,-0.45081,0.40846
0,-0.90825,0.12467
0,-0.54099,0.83815
0,-0.69668,0.46557
0,-0.68439,0.30618
0,-0.56481,0.28399
0,-0.43478,0.23869
0,-0.56743,0.61975
0,-0.10502,0.25473
0,-0.45145,0.3922
0,-0.73606,0.177
0,-0.59088,0.74347
0,-0.58242,0.29946
0,-0.68802,0.40822
0,-0.36118,0.53219
0,-0.54628,0.59593
0,-0.584,0.25961
0,-0.70375,0.9476
0,-0.43722,0.40771
0,-0.41101,0.39554
0,-0.48216,0.092616
0,-0.46045,0.90702
0,-0.51892,0.47711
0,-0.51327,0.3981
0,-0.38937,0.79004
0,-0.92489,0.63762
0,-0.70146,0.55225
0,-0.49751,0.65631
0,-0.60889,0.35288
0,-0.44762,0.62986
0,-0.41209,0.25025
0,-0.51622,0.28857
0,-0.39354,0.56026
0,-0.37912,0.35801
0,-0.7111,0.043535
0,-0.44048,0.98662
0,-0.17114,0.36393
0,-0.50204,0.35947
0,-0.25136,0.25733
0,-0.49693,0.31899
0,-0.47135,0.11605
0,-0.77769,0.25791
0,-0.65321,0.5341
0,-0.67621,0.27111
0,-0.14074,0.58738
0,-0.37639,0.48239
0,-0.83144,0.29591
0,-0.68286,0.20109
0,-0.35434,0.65591
0,-0.26792,0.499
0,-0.44353,0.34864
0,-0.7256,0.45664
0,-0.60784,0.29259
0,-0.10891,0.47761
0,-0.78106,0.23372
0,-0.89524,0.22094
0,-0.66347,-0.010186
0,-0.26114,0.32415
0,-0.77904,0.061287
0,-0.54299,-0.10315
0,-0.31141,0.273
0,-0.73118,0.75955
0,-0.46715,0.59128
0,-0.5386,0.42945
0,-0.26,0.25938
0,-0.63658,0.29707
0,-0.34831,0.65501
0,-0.69522,0.52718
0,-0.26845,0.32654
0,-0.49439,0.22011
0,-0.40873,0.44604
0,-0.54515,0.74937
0,-0.077861,0.34185
0,-0.54294,0.45785
0,-0.67593,0.2724
0,-0.30632,0.25698
0,-0.093969,0.26962
0,-0.58931,0.10821
0,-0.32297,0.43134
0,-0.72575,0.43536
0,-0.4592,0.414
0,-0.59317,0.229
0,-0.48057,0.40167
0,-0.74725,0.28392
0,-0.57539,0.765
0,-0.57197,0.094533
0,-0.25432,0.18199
0,-0.3145,0.43763
0,-0.35697,0.61903
0,-0.66119,0.57375
0,-0.73816,0.31749
0,-0.31461,0.34297
0,0.0019723,0.63083
0,-0.4826,0.76868
0,-0.83161,0.051841
0,-0.6584,0.54328
0,-0.45176,0.37703
0,-0.47345,0.71987
0,-0.46282,0.81271
0,-0.65395,0.57322
0,-0.22249,0.63914
0,-0.36907,0.57623
0,-0.91038,0.13683
0,-0.84356,0.37116
0,-0.89275,0.56347
0,-0.35512,0.51695
0,-0.69092,0.41762
0,-0.53312,0.3822
0,-0.45264,0.4061
0,-0.4704,0.53118
0,-0.59419,0.079189
0,-0.56788,0.092207
0,-0.38732,0.20281
0,-0.41002,0.21457
0,-0.6424,0.65068
0,-0.3172,0.093521
0,-0.20971,0.77674
0,-0.51085,0.18657
0,-0.49569,0.41885
0,-0.8059,0.32472
0,-0.7387,0.12623
0,-0.42118,0.66782
0,-0.29069,0.41173
0,-0.99091,0.32837
0,-0.66952,0.41719
0,-0.4395,0.22445
0,-0.50205,0.78533
0,-0.45397,0.46439
0,-0.22029,0.83512
0,-0.65161,0.36232
0,-0.49795,0.65065
0,-0.41679,0.86927
0,-0.27673,0.73294
0,-0.50872,0.4058
0,-0.57425,0.34116
0,-0.26906,0.11128
0,-0.36399,0.29197
0,-0.80933,0.37417
0,-0.60129,0.48715
0,-0.47541,0.53538
0,-0.58911,0.55308
0,-0.52307,0.51028
0,-0.52081,0.6379
0,-0.39086,0.30475
0,-0.23963,0.18437
0,-0.41842,0.27604
0,-0.32981,0.67625
0,-0.57864,0.39078
0,-0.29348,0.11663
0,-0.40673,0.48541
0,-0.58253,0.17879
0,-0.61366,0.33325
0,-0.44867,0.24231
0,-0.61356,0.30639
0,-0.68892,0.38497
0,-0.29762,0.50248
0,-0.43474,0.17983
0,-0.63607,0.6061
0,-0.58829,0.34219
0,-0.45897,0.47834
0,-0.79081,0.38087
0,-0.069558,0.3254
0,-0.41697,0.3299
0,-0.55663,0.48451
1,0.66692,0.49212
1,0.29679,0.26171
1,0.27468,0.79496
1,0.18601,0.46139
1,0.53167,0.54678
1,0.10098,0.44496
1,0.38095,0.56037
1,0.69199,0.26159
1,0.64449,0.53662
1,0.54954,0.20029
1,0.42737,0.5944
1,0.074122,0.48762
1,0.48746,0.58974
1,0.43408,0.53459
1,0.38628,0.24615
1,0.21965,0.63099
1,0.45659,0.23882
1,0.44151,0.84778
1,0.87183,0.3538
1,0.49194,0.87699
1,0.44525,0.35738
1,0.3194,0.69838
1,0.70237,0.4485
1,0.39883,0.34937
1,0.3388,0.53103
1,0.65676,0.66995
1,0.41516,0.46863
1,0.25398,0.29878
1,0.7456,0.49745
1,0.3286,0.78131
1,0.59924,0.49547
1,0.73041,0.26322
1,0.60536,0.54965
1,0.42367,0.28676
1,0.2758,0.52791
1,0.68193,0.27108
1,0.58638,0.52995
1,0.60688,0.51299
1,0.45235,0.41013
1,0.29379,0.531
1,0.48381,0.66114
1,0.69827,0.36037
1,0.51045,0.21686
1,0.30106,0.60824
1,0.20576,0.24594
1,0.69638,0.60428
1,0.75764,0.43653
1,0.41809,0.17254
1,0.68826,0.29326
1,-0.1445,0.31575
1,0.38937,0.25303
1,0.35158,0.36005
1,0.91549,0.80629
1,0.51712,0.36794
1,0.39389,0.50747
1,0.702,0.4542
1,0.59165,0.53237
1,0.70389,0.25217
1,0.14736,0.59803
1,0.41402,0.5178
1,0.36963,0.64888
1,0.423,0.561
1,0.61925,0.6784
1,0.78797,0.40628
1,0.70253,0.20548
1,0.60224,0.54488
1,0.35018,0.84174
1,0.19335,0.46656
1,0.29529,0.61963
1,0.37085,0.36018
1,0.17368,0.6704
1,0.23695,-0.088595
1,0.29228,0.73631
1,0.66624,0.51854
1,0.63962,0.62382
1,0.68097,0.64011
1,0.7582,0.37118
1,0.50751,0.62936
1,0.71676,0.37905
1,0.56366,0.29508
1,0.14835,-0.14192
1,0.68086,0.28736
1,0.7027,0.35421
1,0.33688,-0.083661
1,0.69138,0.39179
1,0.38346,0.39856
1,0.42584,0.14713
1,0.69047,0.77214
1,0.33173,0.45505
1,0.43162,0.36441
1,0.44195,0.52759
1,0.42144,0.42135
1,0.63472,0.33328
1,0.33412,0.25935
1,0.53467,0.79793
1,0.59147,0.7169
1,0.52477,0.27926
1,0.46174,0.38229
1,0.69152,0.29605
1,0.73361,0.35986
1,0.17137,0.30849
1,0.13637,0.24572
1,0.57232,0.23052
1,0.37449,0.56999
1,0.17714,0.0097231
1,0.82821,0.6086
1,0.76681,0.34277
1,0.43749,0.31591
1,0.42875,0.30693
1,0.579,0.62014
1,0.50659,0.31209
1,0.83574,0.22745
1,0.71873,0.39402
1,0.75006,0.50354
1,0.30423,0.26172
1,0.57451,0.36865
1,0.80706,0.18493
1,0.278,0.13454
1,-0.018304,0.30694
1,0.65305,0.17728
1,0.46794,0.21145
1,0.76842,0.70722
1,0.54829,0.55069
1,0.27435,0.43838
1,0.51848,0.20155
1,0.56119,0.19035
1,0.54763,0.39069
1,0.54815,0.0094051
1,0.2237,0.29061
1,0.52507,0.33156
1,0.66353,0.98268
1,0.49423,0.27891
1,0.47968,0.38122
1,0.60184,0.55273
1,0.78781,0.056538
1,0.60807,0.30859
1,0.57039,0.49244
1,0.35431,0.64538
1,0.4781,0.32195
1,0.16924,0.203
1,0.35329,0.27475
1,0.18051,0.77825
1,0.60298,0.30846
1,0.63004,0.58574
1,0.27625,0.35123
1,0.53733,0.53318
1,0.38857,0.29514
1,0.3452,0.94833
1,0.87436,0.54347
1,0.85934,0.60838
1,0.2251,0.43373
1,0.42251,0.60004
1,0.4609,0.68442
1,0.52123,0.41541
1,0.64643,0.32869
1,0.44302,0.50051
1,0.52918,0.87702
1,0.70571,-0.10636
1,0.75324,0.80702
1,0.6728,0.30204
1,0.53113,0.18209
1,0.65554,-0.036688
1,0.25594,0.22356
1,0.44117,0.6463
1,0.46514,0.26992
1,0.66734,0.25079
1,0.54272,0.50396
1,0.60088,0.18577
1,0.36409,0.79248
1,0.34428,0.60151
1,0.47218,0.36375
1,0.59474,0.50823
1,0.38397,0.52977
1,0.58716,0.47432
1,0.34451,0.0031258
1,0.21487,0.65236
1,0.36377,0.7572
1,0.39639,0.23223
1,0.74547,0.14714
1,0.40862,0.77116
1,0.33975,0.55008
1,0.2009,0.29379
1,0.31132,0.20955
1,0.48462,0.54605
1,0.41349,0.73854
1,0.60931,0.74951
1,0.4165,0.62404
1,0.18348,0.71202
1,0.56254,0.17886
1,0.18244,0.50751
1,0.61478,0.47897
1,0.44788,0.26181
1,0.55597,0.7213
1,0.52243,0.548
1,0.65303,-0.00028538
1,0.27875,0.59136
1,0.63436,0.27957
1,0.54601,0.1745
1,0.80237,0.27639
1,0.33395,0.14619
1,0.96136,0.38197
1,0.46653,0.42809
1,0.40228,0.3802
1,0.31851,0.39527
1,0.48807,0.63761
1,0.44615,0.36787
1,0.40477,0.29404
1,0.47954,0.067413
1,0.49576,0.25509
1,0.53081,0.41537
1,0.25517,0.43708
1,0.46922,0.46191
1,0.68166,0.233
1,0.51028,0.72652
1,0.57499,0.61269
1,0.65521,0.67048
1,0.45576,0.28031
1,0.09501,0.73212
1,0.50235,0.50916
1,0.40967,0.44521
1,0.43274,0.44372
1,0.41766,0.31747
1,0.96161,0.4985
1,0.99911,0.34129
1,0.61711,0.47498
1,0.52454,0.4229
1,0.68843,0.28736
1,0.61845,0.34971
1,0.47709,0.45398
1,0.65046,0.32434
1,0.59254,0.087852
1,0.17229,0.31493
1,0.49519,0.20409
1,0.9146,0.21326
1,0.55675,0.32062
1,0.43564,0.39727
1,0.27471,0.50233
1,0.58074,0.43163
1,0.12042,0.12563
1,0.1153,0.28473
1,0.64967,0.45451
1,0.50614,0.66998
1,0.64517,0.14947
1,0.6687,0.52967
1,0.39395,0.056748
1,0.64574,0.31855
1,0.43201,0.50388
1,0.76539,0.23178
1,0.24562,0.22056
1,0.19239,0.26977
1,0.39745,0.31213
1,0.73501,0.2652
1,0.38953,0.32672
1,0.45101,0.45293
1,0.86406,0.22564
1,0.26652,0.34561
1,0.4443,0.28715
1,0.60841,0.23251
1,0.65534,0.45684
1,0.63691,0.97826
1,0.42348,0.44033
1,0.33452,0.55282
1,0.17394,0.078039
1,0.31749,0.32127
1,0.40668,0.19262
1,0.18763,0.12554
1,0.25584,0.35779
1,0.34233,0.38568
1,0.52571,0.56939
1,0.44863,0.13974
1,0.8992,0.043927
1,0.24264,0.61759
1,0.78365,0.33319
1,0.59046,0.16838
1,0.61548,0.51946
1,0.69675,-0.055915
1,0.51699,0.25023
1,0.81665,0.47398
1,0.19783,0.23043
1,0.50209,0.51877
1,0.59851,0.47374
1,0.24261,0.25841
1,0.42318,0.80313
1,0.077257,0.089486
1,0.63389,0.53033
1,0.5382,0.19266
1,0.60192,0.22175
1,0.83353,0.41244
1,0.5021,0.38952
1,0.3862,0.51109
1,0.48098,0.27362
1,0.61019,0.45374
1,0.56607,0.37564
1,0.27402,-0.037761
1,0.38834,0.19487
1,0.38845,0.50865
1,0.38526,0.51487
1,0.29225,0.43318
1,0.32823,-0.17479
1,0.19294,0.29789
1,0.19279,0.36066
1,0.7365,0.37759
1,0.53818,0.63698
1,0.38447,0.38092
1,0.48697,0.23491
1,0.78393,0.5678
1,0.64261,0.64662
1,0.42292,0.42769
1,0.47317,0.16319
1,0.45517,0.6153
1,0.85217,0.44061
1,0.4988,0.47161
1,0.28697,0.23133
1,0.55967,0.37192
1,0.48007,0.51848
1,0.38532,0.21164
1,0.32349,0.46297
1,0.38291,0.63297
1,0.56665,0.35111
1,0.69473,0.34802
1,0.72313,0.78812
1,0.44213,0.49149
1,0.48466,0.34209
1,0.42524,0.60769
1,0.46675,0.3467
1,0.44535,0.30546
1,0.64398,0.51342
1,0.43818,0.36197
1,0.14511,0.12939
1,0.77789,0.56286
1,0.80735,0.39857
1,0.74614,0.8582
1,0.34641,0.45524
1,0.12383,0.42895
1,0.73522,0.43706
1,0.27968,0.34794
1,0.049281,0.69575
1,0.30694,0.61614
1,0.61833,0.25049
1,0.49629,0.60835
1,0.43994,0.65252
1,0.59471,0.5995
1,0.57024,0.6912
1,0.87478,0.39811
1,0.74222,0.29977
1,0.67494,0.42292
1,0.59437,0.6838
1,0.44246,0.80825
1,0.42082,0.36913
1,0.42411,0.38333
1,0.78935,0.33042
1,0.36163,0.51891
1,0.44678,0.29213
1,0.43998,0.4576
1,0.51324,0.5
1,0.5919,0.58462
1,0.84901,0.39453
1,0.30963,0.29855
1,0.47947,0.43139
1,0.97455,0.52221
1,0.3964,0.31392
1,0.64821,0.50426
1,0.72145,0.40083
1,0.32425,0.44911
1,0.53022,0.84962
1,0.18283,0.74634
1,0.23468,0.87856
1,0.49902,0.52952
1,0.41738,0.89774
1,0.26012,0.37754
1,0.41135,0.4887
1,0.57232,0.32949
1,0.38883,0.25563
1,0.50843,0.54466
1,0.28319,0.4383
1,0.52893,0.16907
1,0.2166,0.1639
1,0.28021,0.59568
1,0.23629,0.47436
1,0.413,0.53307
1,0.33431,0.032113
1,0.39544,0.29016
1,0.48955,0.12273
1,0.58782,0.42295
1,0.81155,0.50491
1,0.28089,0.49531
1,0.45597,0.42076
1,0.30898,0.4651
1,0.57199,0.22267
1,0.59711,0.4023
1,0.55902,0.783
1,0.41133,0.28092
1,0.53013,0.37032
1,0.80117,0.38605
1,0.40586,0.24532
1,0.36773,0.56534
1,0.087085,0.5008
1,0.26942,0.82346
1,0.59502,0.36532
1,0.38146,0.46907
1,0.12695,0.11637
1,0.89642,0.52721
1,0.1861,0.22922
1,0.36468,0.51877
1,0.57153,0.18809
1,0.86485,0.31352
1,0.66744,0.20652
1,0.20604,0.25684
1,0.50883,0.58375
1,0.4111,0.53996
1,0.39403,0.24239
1,0.55571,0.54759
1,0.81241,0.59232
1,0.56337,0.36385
1,0.1617,0.31431
1,0.42276,0.58367
1,0.7332,0.23045
1,0.82629,0.68453
1,0.47398,0.43677
1,0.50323,0.21562
1,0.6992,0.27637
1,0.43349,0.69585
1,0.6811,0.41182
1,0.45299,0.61287
1,0.70668,0.73486
1,0.42206,0.49595
1,0.3911,0.37667
1,0.5049,0.59873
1,0.36866,0.37827
1,0.52095,0.27872
1,0.62042,0.51315
1,0.63062,0.17479
1,0.49915,0.42739
1,0.69976,0.62775
1,0.31578,0.24438
1,0.40869,0.1749
1,0.48462,0.21042
1,0.24987,0.55073
1,0.23898,0.46845
1,0.93113,0.44752
1,0.29241,0.37147
1,0.3854,0.19807
1,0.90144,0.40527
1,0.5056,0.53769
1,0.37494,0.50368
1,0.70375,0.74884
1,0.51407,0.20214
1,0.18918,0.3626
1,0.33763,0.3756
1,0.63679,0.87231
1,0.41039,0.74261
1,0.84802,0.096884
1,0.78549,0.48614
1,0.65259,0.41711
1,0.43357,0.48278
1,0.26516,0.48305
1,0.10124,0.39768
1,0.69692,0.26129
1,0.33981,0.62961
1,0.78146,0.36829
1,0.88021,0.16289
1,0.61851,0.43661
1,0.55619,0.33156
1,0.11279,0.33106
1,0.49175,0.62555
1,0.49083,0.072507
1,0.45396,0.26051
1,0.70811,0.46974
1,0.47486,0.20425
1,0.83951,0.84423
1,0.35867,0.3045
1,0.49591,0.030805
1,0.68957,0.52521
1,0.44558,0.12224
1,0.19277,0.40622
1,0.29189,0.51834
1,0.5634,0.056677
1,0.73415,0.23572
1,0.91167,0.4183
1,0.61581,0.43988
1,0.74467,0.24453
1,0.49189,0.32543
1,0.65888,0.17815
1,0.44424,0.1586
1,0.4361,0.54173
1,0.66721,0.24096
1,0.87989,0.23609
1,0.43402,0.46466
1,0.1796,0.3787
1,0.25297,0.32936
1,0.35548,0.39356
1,0.23572,0.28596
1,0.42395,-0.20049
1,0.83379,0.70345
1,0.45425,0.48583
1,0.67872,0.43258
1,0.41612,0.36445
1,0.69709,0.13967
1,0.64567,0.34831
1,0.69166,0.76431
1,0.52433,0.32342
1,0.47829,0.37789
1,0.77853,0.30185
1,0.77489,0.56551
1,0.50535,0.36039
1,0.33333,0.36596
1,0.41455,0.33424
1,0.41401,0.51
1,0.57236,0.50004
1,0.32413,0.36059
1,0.51527,0.53805
1,0.61218,0.51358
1,0.55353,0.43419
1,0.61765,0.2172
1,0.44946,0.27474
1,0.7784,0.74411
1,0.81353,0.63826
1,0.47486,0.41095
1,0.2878,0.50154
1,0.55894,0.45959
1,0.57514,0.61401
1,0.77428,0.19464
1,0.17454,0.24681
1,0.77753,0.66908
1,0.45487,0.29418
1,0.30971,0.36306
1,0.40421,0.30689
1,0.52075,0.40785
1,0.45309,0.23974
1,0.33004,-0.10014
1,0.55435,0.62972
1,0.57646,0.13059
1,0.84731,0.65092
1,0.51437,0.26353
1,0.41327,0.5274
1,0.33664,0.63355
1,0.42537,0.68376
1,0.35987,0.48564
1,0.24063,0.6537
1,0.54396,0.46382
1,0.49017,0.42217
1,0.78662,0.66995
1,0.39796,0.43202
1,0.8141,0.051065
1,0.54502,0.40867
1,0.44774,0.096479
1,0.45121,0.41989
1,0.19314,0.40284
1,0.48356,0.31676
1,0.62869,0.69461
1,0.42686,0.25897
1,0.37083,0.24894
1,0.59795,0.31748
1,0.38924,0.28055
1,0.62477,0.43142
1,0.41141,0.22525
1,0.82186,0.56044
1,0.28177,0.21714
1,0.90234,0.31479
1,0.30368,0.44379
1,0.40089,0.66013
1,0.63849,0.30536
1,0.48794,0.29362
1,0.40932,0.026759
1,0.22313,0.53054
1,0.45697,0.53595
1,0.43638,0.69442
1,0.46235,0.29131
1,0.17816,0.29721
1,0.50063,0.495
1,0.46879,0.29673
1,0.52217,0.22924
1,0.56591,0.51844
1,0.29973,0.26924
1,0.7413,0.41554
1,0.57975,0.31731
1,0.55859,0.35084
1,0.34799,0.77802
1,0.31973,0.17371
1,0.45519,0.54668
1,0.46259,0.056458
1,0.29433,0.30742
1,0.61737,0.17577
1,0.55236,0.46171
1,0.29536,0.3748
1,0.24396,0.28112
1,0.19829,0.27554
1,0.29753,0.63054
1,0.59087,0.58713
1,0.49781,0.16478
1,0.72741,0.33101
1,0.72586,0.42206
1,0.41081,0.29517
1,0.21528,0.45704
1,0.61042,0.21606
1,0.68548,0.17351
1,0.65916,0.54326
1,0.30472,0.34774
1,0.32678,0.26644
1,0.4845,0.59676
1,0.49417,0.34207
1,0.23139,0.30083
1,0.51165,0.52103
1,0.71374,0.70397
1,0.44978,0.64151
1,0.75385,0.3306
1,0.52803,0.23745
1,0.61051,0.62512
1,0.43499,0.3573
1,0.46252,0.76503
1,0.73404,0.15792
1,0.28029,0.71841
1,0.39692,0.63535
1,0.75983,0.33615
1,0.42404,0.49535
1,0.134,0.38194
1,0.71806,0.12436
1,0.60184,0.24947
1,0.45128,0.71633
1,0.3575,0.32878
1,0.43108,0.16024
1,0.97256,0.57559
1,0.75484,0.23062
1,0.27293,0.1609
1,0.64585,0.3286
1,0.65363,0.6191
1,0.51989,0.93694
1,0.63562,0.48148
1,0.15043,0.14233
1,0.30731,0.35894
1,0.43044,0.46188
1,0.89276,0.23621
1,0.46616,0.34085
1,0.31456,0.55064
1,0.63744,0.1851
1,0.46026,0.50527
1,0.43137,0.51877
1,0.33437,0.83113
1,0.45498,0.38642
1,0.44721,0.35783
1,0.5463,0.39329
1,0.55511,0.38656
1,0.37817,0.36186
1,0.27726,0.37087
1,0.76018,0.3711
1,0.66384,0.53779
1,0.75243,0.9112
1,0.69617,0.60782
1,0.53484,0.41389
1,0.27402,0.58973
1,0.76501,0.014887
1,0.51248,-0.063767
1,0.39387,0.42412
1,0.48795,0.38732
1,0.45836,0.27707
1,0.13089,0.65074
1,0.30408,0.58041
1,0.41699,0.39367
1,0.73266,0.18791
1,0.45962,0.78763
1,0.69477,0.23277
1,0.57909,0.80374
1,0.92583,0.3297
1,0.28013,0.29944
1,0.59713,0.38434
1,0.36106,0.66594
1,0.65256,0.34974
1,0.45872,0.58957
1,0.41318,0.69277
1,0.52048,0.3365
1,0.42202,0.67643
1,0.50404,0.31506
1,0.50554,0.32536
1,0.27558,0.69252
1,0.27808,0.33684
1,0.33029,0.51406
1,0.86945,0.15702
1,0.37799,0.67335
1,0.48023,0.20014
1,0.45892,0.53105
1,0.8998,-0.0097398
1,0.017682,0.31259
1,0.84017,0.45032
1,0.91943,0.44518
1,0.33033,0.91236
1,0.59284,0.43226
1,0.34269,0.28715
1,0.84129,0.78902
1,0.14989,0.50982
1,0.66808,0.072839
1,0.32605,0.28302
1,0.028837,0.59729
1,0.7319,0.25039
1,0.44728,0.016579
1,0.24509,0.35613
1,0.66638,-0.01172
1,0.93385,0.36797
1,0.54583,0.24432
1,0.75087,0.45536
1,0.39189,0.40305
1,0.51513,0.32765
1,0.50125,0.6502
1,0.89787,0.45285
1,0.28196,-0.010038
1,0.47096,-0.032504
1,0.19217,0.43671
1,0.40676,0.052585
1,0.71145,0.73985
1,0.50889,0.41868
1,0.41722,0.27589
1,0.36481,0.41803
1,0.16867,0.15671
1,0.28891,0.42002
1,0.31919,0.11189
1,0.3238,0.48006
1,0.54072,0.34841
1,0.22049,0.64833
1,0.66564,0.25421
1,0.23654,0.5429
1,0.61955,0.56047
1,0.52707,0.36625
1,0.80723,0.3556
1,0.59238,0.40291
1,0.78055,0.5642
1,0.3544,0.44089
1,0.73902,0.68087
1,0.47581,0.37214
1,0.24686,0.29801
1,0.50317,0.63907
1,0.44626,0.7113
1,0.80844,0.61325
1,0.3958,0.56365
1,0.57617,0.31849
1,0.21744,0.33078
1,0.82768,0.53092
1,0.4379,0.41851
1,0.65826,0.28024
1,0.86369,0.7178
1,0.61305,0.42343
1,0.64862,0.29874
1,0.68079,0.24784
1,0.39464,0.89627
1,0.30548,0.51436
1,0.44641,0.17463
1,0.45922,-0.092593
1,0.30536,0.57914
1,0.49527,0.34113
1,0.4275,0.34463
1,0.63544,0.63171
1,0.73592,0.74385
1,0.14546,0.66592
1,0.51766,0.34235
1,0.44761,0.31302
1,0.55008,0.31169
1,0.60657,0.41598
1,0.60824,0.32922
1,0.66859,0.33396
1,0.54906,0.25194
1,0.66728,0.55797
1,0.54424,0.10944
1,0.58621,0.22036
1,0.6652,0.12864
1,0.27072,0.74339
1,0.31583,0.45159
1,0.59005,-0.13738
1,0.40648,0.50168
1,0.80027,0.56819
1,0.41707,0.50652
1,0.73789,0.59462
1,0.63686,0.61902
1,0.67214,0.30643
1,0.50959,-0.013288
1,0.49707,0.37998
1,0.28599,0.39013
1,0.64556,0.44268
1,0.2763,0.32105
1,0.29786,0.43865
1,0.63505,0.38501
1,0.71226,0.27407
1,0.41424,0.43173
1,0.43563,0.48944
1,0.30901,0.5966
1,0.5774,0.37956
1,0.71407,0.59925
1,0.65421,0.14441
1,0.62745,0.53051
1,0.63886,0.41929
1,0.40339,0.37484
1,0.16853,0.45826
1,0.74019,0.58149
1,0.66315,0.40354
1,0.35525,0.096974
1,0.55841,0.63539
1,0.5919,0.44589
1,0.48422,0.41505
1,0.31592,0.31823
1,0.52941,0.47751
1,0.461,0.51283
1,0.43732,0.36026
1,0.67912,0.75037
1,0.60542,0.30479
1,0.33586,0.5272
1,0.76244,0.56579
1,0.54162,0.54445
1,0.5072,0.33062
1,0.46633,0.14667
1,0.79935,0.55988
1,0.68708,0.31694
1,0.68933,0.65186
1,0.63632,0.12936
1,0.62462,0.25609
1,0.42145,0.14375
1,0.52665,0.46425
1,0.80939,0.21209
1,0.47387,0.33907
1,0.28394,0.47639
1,0.56987,0.34461
1,0.48758,0.30736
1,0.80866,0.47803
1,0.65704,0.51142
1,0.39681,0.28016
1,0.57776,0.3939
1,0.6158,0.42403
1,0.51885,-0.11965
1,0.2847,0.19468
1,0.23796,0.63497
1,0.42641,0.1498
1,0.70914,0.5112
1,0.30887,0.39567
1,0.79561,0.18949
1,0.092039,0.2742
1,0.41684,0.6185
1,0.84553,0.2771
1,0.87644,0.57146
1,0.77824,0.16767
1,0.62751,0.17106
1,0.90785,0.57517
1,0.46776,0.13452
1,0.42206,0.52608
1,0.63974,0.738
1,0.25347,0.26
1,0.74626,0.46685
1,0.51925,0.34066
1,0.49542,0.66664
1,0.44783,0.38358
1,0.57693,0.68565
1,0.60052,0.48136
1,0.85144,0.51661
1,0.082876,0.41604
1,0.51729,0.50502
1,0.27344,0.58565
1,0.59836,0.30527
1,0.68069,0.54475
1,0.64896,0.22208
1,0.24105,0.37039
1,0.41584,0.29821
1,0.54355,0.099966
1,0.69033,0.27059
1,0.37213,0.75391
1,0.29045,0.66189
1,0.023708,-0.20976
1,0.5277,0.5323
1,0.41762,0.39016
1,0.35523,0.5866
1,0.30651,0.63115
1,0.56052,0.29327
1,0.51376,0.43786
1,0.62395,0.37964
1,0.57495,0.38394
1,0.13875,0.66433
1,0.67234,0.14029
1,0.002636,0.53962
1,0.26905,0.43546
1,0.5439,0.016682
1,0.76127,0.57829
1,0.76177,0.17341
1,0.27807,0.40587
1,0.93094,0.27893
1,0.26515,0.6398
1,0.70384,0.58884
1,0.24154,0.30111
1,0.51899,0.4064
1,0.63295,0.7033
1,0.2097,0.23401
1,0.36072,0.49694
1,0.40033,0.52712
1,0.34849,0.63568
1,0.37846,0.24909
1,0.94812,0.044887
1,0.18986,0.59138
1,0.58273,0.46582
1,0.61068,0.35317
1,0.55094,0.27397
1,0.41887,0.87352
1,0.22895,0.51302
1,0.3081,0.24649
1,0.0091822,0.58053
1,0.73537,0.48264
1,0.93322,0.64852
1,0.42336,0.094255
1,0.12769,0.24137
1,0.34341,0.53903
1,0.87698,0.40708
1,0.31621,0.61173
1,0.41669,0.48788
1,0.3276,0.3647
1,0.41774,0.68989
1,0.22991,0.38739
1,0.16125,0.22663
1,0.65923,0.24671
1,0.24602,0.55378
1,0.57351,0.28024
1,0.60174,0.31167
1,0.42205,0.54469
1,0.65255,0.4333
1,0.67546,0.32025
1,0.68149,0.36993
1,0.16589,0.79796
1,0.59891,0.39204
1,0.19443,0.32991
1,0.78325,0.19695
1,0.59419,0.00022331
1,0.56433,0.31781
1,0.47311,0.6195
1,0.53521,0.30798
1,0.59615,-0.04301
1,0.61251,0.21618
1,0.25673,0.1301
1,0.83046,-0.11872
1,0.55727,0.39381
1,0.35648,0.53731
1,0.43911,0.67271
1,0.49983,0.16531
1,0.31501,0.41429
1,0.44735,0.46673
1,0.19209,0.501
1,0.44771,0.41753
1,0.6208,0.53546
1,0.50956,0.29832
1,0.4038,0.28994
1,0.43146,0.26356
1,0.56128,0.40018
1,0.40224,0.29399
1,0.55157,0.29282
1,0.48594,0.58039
1,0.2754,0.30349
1,0.50408,0.66666
1,0.64093,0.435
1,0.52241,0.25799
1,0.53974,0.26066
1,0.54582,0.58601
1,0.47017,0.20949
1,0.31934,0.26023
1,0.43062,0.48674
1,0.35077,0.38785
1,0.57163,0.49271
1,0.17996,0.46801
1,0.77546,0.20042
1,0.13994,0.14187
1,0.72172,0.65187
1,0.80857,0.33814
1,0.70324,0.35234
1,0.044816,0.37683
1,0.69156,0.76404
1,0.23343,0.63512
1,0.41939,0.29517
1,0.40529,0.63441
1,0.18647,-0.016456
1,0.39701,0.49645
1,0.66534,0.41638
1,0.73346,0.32991
1,0.69887,0.18098
1,0.52807,0.15443
1,0.40035,0.56801
1,0.89189,0.51562
1,0.63973,0.61736
1,0.63233,0.18404
1,0.44878,0.41292
1,0.7196,0.53798
1,0.36569,0.051074
1,0.44105,-0.14812
1,0.36525,0.76221
1,0.43253,0.4712
1,0.63538,0.77768
1,0.66624,0.46442
1,0.70282,0.42655
1,0.42293,0.5605
1,0.73827,0.47955
1,0.43367,0.50683
1,0.51162,0.15982
1,0.12405,0.51223
1,0.3125,0.35935
1,0.43944,0.58995
1,0.54122,0.48067
1,0.26012,0.49756
1,0.30598,0.78006
1,0.15218,0.2718
1,0.42785,0.29286
1,0.39857,0.50458
1,0.45123,0.59173
1,0.21692,0.18345
1,0.79798,0.1479
1,0.5584,0.74776
1,0.49149,0.15408
1,0.36271,0.37564
1,-0.043877,0.45
1,0.55386,0.27831
1,0.52683,0.47399
1,0.48219,0.61446
1,0.69426,0.06065
1,0.074372,0.42367
1,0.056752,0.65471
1,0.44862,0.58864
1,0.37271,0.0086102
1,0.87415,0.36906
1,0.51514,0.16379
1,0.84649,0.80205
1,0.44044,0.029682
1,0.44038,0.35369
1,0.35666,0.61546
1,0.67791,0.29578
1,0.39621,0.55869
1,0.55527,0.38611
1,0.62489,0.27698
1,0.16692,0.39142
1,0.71256,0.60363
1,-0.14783,0.81145
1,0.13992,0.45552
1,0.41855,0.45109
1,0.80724,-0.061925
1,0.81747,0.5191
1,0.82766,0.50293
1,0.27832,0.28813
1,0.38245,0.39907
1,0.45868,0.71205
1,0.53106,0.24333
1,0.7956,0.44282
1,0.39051,0.66048
1,0.65652,0.585
1,0.63298,0.3456
1,0.43277,0.39711
1,0.69112,0.76168
1,0.56781,0.58108
1,0.58941,0.55878
1,0.92388,0.67593
1,0.17959,0.31676
1,0.48904,0.44936
1,0.46537,0.54289
1,0.48742,0.13293
1,0.31084,0.39252
1,0.48027,0.35713
1,0.5143,0.71841
1,0.51231,0.091527
1,0.74832,0.35997
1,0.12582,0.351
1,0.56309,0.054379
1,0.11808,0.37365
1,0.79548,0.29874
1,0.22863,0.24764
1,0.54064,0.38809
1,0.35368,0.51389
1,0.39044,0.11509
1,0.33744,0.32192
1,0.60518,0.65048
1,0.4641,0.4428
1,0.88191,0.14
1,0.68422,0.19877
1,0.72286,0.53319
1,0.39684,0.47044
1,0.5512,0.70493
1,0.56955,0.52781
1,0.66866,0.2668
1,0.62468,0.54742
1,0.736,0.25074
1,0.22644,0.36663
1,0.33108,0.47012
1,0.41251,0.47641
1,0.23991,0.41203
1,0.94014,0.75138
1,0.43839,0.67836
1,0.81703,0.40377
1,0.1525,0.54391
1,0.35998,0.82968
1,0.55133,0.53273
1,0.78432,0.80645
1,0.62798,0.14106
1,0.34728,0.25549
1,0.3396,0.15727
1,0.29485,0.54664
1,0.40895,0.60254
1,0.74727,0.25371
1,0.3249,0.1074
1,0.6173,0.41891
1,0.41026,0.31342
1,0.55766,0.18051
1,0.53263,0.45026
1,0.53223,0.44407
1,0.82875,0.69792
1,0.26293,0.61377
1,0.69816,0.78468
1,0.43491,0.41475
1,0.29949,0.70678
1,0.62634,0.11329
1,0.67367,0.47489
1,0.64029,0.74203
1,0.065453,0.44187
1,0.73481,0.53189
1,0.82282,0.63144
1,0.67173,0.44605
1,0.42351,0.39193
1,0.24213,0.66068
1,0.55773,0.67755
1,0.62408,0.20396
1,0.14165,0.39975
1,0.37484,0.29683
1,0.72194,0.16738
1,0.60247,0.51759
1,0.32809,0.58823
1,0.7738,0.49101
1,0.40805,0.37035
1,0.48514,0.38391
1,0.20475,0.44692
1,0.64329,0.32114
1,0.69408,0.59622
1,0.57935,0.71593
1,0.34252,0.42429
1,0.5415,0.2514
1,0.2884,0.55999
1,0.34446,0.30103
1,0.51152,0.22871
1,0.49659,0.33506
1,0.50655,0.38843
1,0.13248,0.062957
1,0.69971,0.39359
1,0.28486,0.14594
1,0.77253,0.30939
1,0.51778,0.4394
1,0.35705,0.5337
1,0.93126,0.41161
1,0.47188,0.11441
1,0.45313,0.34996
1,0.407,0.42253
1,0.38904,0.33803
1,0.63068,0.41118
1,0.28231,0.33437
1,0.85458,0.25497
1,0.21217,0.6412
1,0.75918,0.61237
1,0.32389,0.41386
1,0.62676,0.25315
1,0.55308,0.65298
1,0.44187,0.14882
1,0.54901,0.61159
1,0.33226,0.28374
1,0.30551,0.72774
1,0.32894,0.28125
1,0.52049,0.13161
1,0.83411,0.065105
1,0.50378,0.48213
1,0.34893,0.34882
1,0.66049,0.31768
1,0.58765,0.75729
1,0.76167,0.098046
1,0.48708,0.66001
1,0.34471,0.57432
1,0.5092,0.48972
1,0.53671,0.47935
1,0.67056,0.66995
1,0.47601,0.53756
1,0.45865,0.28413
1,0.68017,0.54552
1,0.56415,0.69254
1,0.52496,0.84148
1,0.40908,0.24193
1,0.64212,0.60533
1,0.43586,0.043552
1,0.17816,0.62364
1,0.15443,0.28508
1,0.34443,0.22614
1,0.62928,0.54564
1,0.50013,0.43928
1,0.49369,0.27305
1,-0.030318,0.30647
1,0.65195,0.27397
1,0.27701,0.52335
1,0.3218,0.46666
1,0.25369,0.4073
1,0.48036,0.34859
1,0.46003,0.4484
1,0.66319,0.64267
1,0.16653,0.52245
1,0.40696,0.59743
1,0.43511,0.30914
1,0.69294,0.22419
1,0.4667,0.52876
1,0.76413,0.4547
1,0.6768,0.45345
1,0.57727,0.47827
1,0.4316,0.79246
1,0.65631,0.6127
1,0.47547,0.59967
1,0.27854,0.31191
1,0.46923,0.25484
1,0.53389,0.36298
1,0.52275,0.66874
1,0.64118,0.84922
1,0.53033,0.58241
1,0.74107,0.21027
1,0.19747,0.52404
1,0.73289,0.11325
1,0.64908,0.26913
1,0.67202,0.082712
1,0.55232,0.47892
1,0.41359,0.50738
1,0.75096,0.22896
1,0.55727,0.034607
1,0.58924,0.34269
1,0.67573,0.80011
1,0.36574,0.73458
1,0.44046,0.29497
1,0.69835,0.44975
1,0.36454,0.72575
1,0.51631,0.4667
1,0.51328,0.65221
1,0.61672,0.25305
1,0.683,0.45415
1,0.37696,0.39253
1,0.70215,0.38071
1,0.26912,0.20386
1,0.31503,0.60375
1,0.56679,0.62458
1,0.21652,0.24207
1,0.33822,0.20619
1,0.68916,0.29138
1,0.30916,0.32371
1,0.50231,0.48426
1,0.7085,0.601
1,0.32114,0.49628
1,0.75534,0.7196
1,0.55888,0.51449
1,0.29034,0.59412
1,0.50377,0.41039
1,0.40535,0.33394
1,0.89074,0.062487
1,0.30877,0.53973
1,0.2232,0.50283
1,0.6251,0.59768
1,0.60649,0.1655
1,0.43133,-0.012532
1,0.32931,0.47996
1,0.58642,0.3569
1,0.63146,0.44445
1,0.36625,0.66463
1,0.17043,0.64207
1,0.64324,0.63732
1,0.71026,0.25247
1,0.59194,0.38416
1,0.84751,0.85153
1,0.27268,0.18955
1,0.85246,0.6455
1,0.22998,0.30219
1,0.49334,0.33394
1,0.40225,0.34933
1,0.1141,0.43397
1,0.4848,0.32332
1,0.47186,0.14608
1,0.68168,0.16908
1,0.61609,0.21259
1,0.51417,0.15901
1,0.38516,0.37542
1,0.62338,0.21681
1,0.51767,0.40153
1,0.33251,0.12418
1,0.47926,0.36496
1,0.67134,0.32982
1,0.99357,0.56261
1,0.084084,0.3663
1,0.33048,0.4258
1,0.56182,0.32696
1,0.25611,0.5709
1,0.43596,0.701
1,0.43766,0.05293
1,0.47004,0.35461
1,0.40588,0.27176
1,0.36551,0.48295
1,0.1768,0.29892
1,0.72775,0.18027
1,0.31235,0.41286
1,0.48787,0.59832
1,0.50277,0.42664
1,0.43487,0.3551
1,0.98035,0.57969
1,0.3203,0.43005
1,0.93914,0.26379
1,0.29479,-0.026904
1,0.48828,0.6852
1,0.42419,0.20701
1,0.52517,0.60182
1,0.3274,0.020643
1,0.45069,0.66747
1,0.59685,0.89284
1,0.78787,0.55073
1,0.54005,0.40995
1,0.80971,0.34259
1,0.62495,0.62711
1,0.82688,0.21714
1,0.30797,0.30058
1,0.76263,0.30254
1,0.044474,0.57387
1,0.7413,0.26225
1,0.80013,0.54415
1,0.38658,0.2075
1,0.46231,0.41388
1,0.65961,0.32583
1,0.58838,0.45009
1,0.54691,0.57911
1,0.4551,0.39854
1,0.52494,0.57595
1,0.58552,0.42332
1,0.47636,0.21571
1,0.45099,0.41379
1,0.34481,0.16548
1,0.63908,0.23729
1,0.43179,0.59514
1,0.55112,0.098905
1,0.65137,0.43667
1,0.59222,0.32109
1,0.09346,0.4408
1,0.57856,0.24367
1,0.36829,0.25225
1,0.56127,0.51074
1,0.31476,0.17226
1,0.39333,0.50097
1,0.72179,0.35765
1,0.7104,0.35752
1,0.53318,0.31626
1,0.58364,0.11132
1,0.51883,0.66635
1,0.26631,0.30717
1,0.31515,0.61047
1,0.51772,0.088992
1,0.044048,0.14893
1,0.45919,0.34874
1,0.81631,0.18805
1,0.28664,0.10615
1,0.6869,0.37051
1,0.61511,0.37038
1,0.57322,0.15884
1,0.33883,0.38991
1,0.58359,0.54352
1,0.59643,0.080302
1,0.30735,0.49857
1,0.27165,0.66676
1,0.043174,0.63363
1,0.48807,0.31552
1,0.23167,0.20068
1,0.48088,0.64301
1,0.69374,0.54338
1,0.54703,0.62574
1,0.34752,0.40211
1,0.35495,0.42498
1,0.50687,0.5853
1,0.57044,0.58508
1,0.48806,0.62254
1,0.60381,0.19131
1,0.70528,0.32843
1,0.69405,0.43276
1,0.72694,0.42893
1,0.44355,0.20473
1,0.15156,0.31533
1,0.60046,0.83663
1,0.81148,0.81832
1,0.66807,0.24135
1,0.41483,0.5533
1,0.31276,0.37035
1,0.50983,0.52922
1,0.54235,0.020801
1,0.47489,0.4787
1,0.52186,0.53966
1,0.98146,0.54015
1,0.56153,0.52941
1,0.73979,0.37625
1,0.47447,0.15653
1,0.14693,0.19569
1,0.53635,0.25347
1,0.66701,0.54993
1,0.4401,0.45929
1,0.48092,0.39899
1,0.38786,0.4027
1,0.25409,0.3636
1,0.4513,0.53078
1,0.65485,-0.16622
1,0.32126,0.70787
1,0.51176,0.18682
1,0.49182,0.40001
1,0.37,0.50285
1,0.39404,0.70182
1,0.20297,0.25962
1,0.96485,-0.12162
1,0.69878,0.55879
1,0.27261,0.4702
1,0.79028,0.38872
1,0.35699,0.18139
1,0.32609,0.29422
1,0.33945,0.32873
1,0.61781,0.59077
1,0.16857,0.41248
1,0.69449,0.0050412
1,0.63265,0.5709
1,0.36625,0.31293
1,0.57597,0.43829
1,0.55349,0.50033
1,0.68069,0.91427
1,0.78842,0.68732
1,0.53384,0.17027
1,0.58599,0.72066
1,0.37196,0.27456
1,0.47364,0.0086066
1,0.53494,0.36566
1,0.42646,0.62673
1,0.43886,0.64424
1,0.49203,0.34515
1,0.44285,-0.053807
1,0.82976,0.79251
1,0.4952,0.51156
1,0.71389,0.45012
1,0.19967,0.34563
1,0.67597,0.66008
1,0.28706,0.012696
1,0.48775,0.31357
1,0.40399,0.1304
1,0.36133,0.63081
1,0.10712,0.65262
1,0.577,0.71802
1,0.53914,0.28634
1,0.5131,0.49855
1,0.43474,0.21534
1,0.68017,0.10613
1,0.55553,0.38336
1,0.41433,0.2357
1,0.27507,0.42004
1,0.47369,0.64184
1,0.53207,0.27854
1,0.17404,0.16533
1,0.42912,0.52351
1,0.4716,0.48238
1,0.78273,0.026495
1,0.72536,0.3784
1,0.46446,0.5331
1,0.45114,0.42829
1,0.56,0.4601
1,0.49327,0.54748
1,0.61871,0.20716
1,0.81856,0.61482
1,0.14332,0.6155
1,0.48692,0.42069
1,0.34102,0.44011
1,0.58482,0.39387
1,0.52802,0.40249
1,0.35562,0.34869
1,0.38028,0.27451
1,0.68487,0.58199
1,0.53336,0.38299
1,0.69775,0.45493
1,0.4026,0.18007
1,0.25686,0.34458
1,-0.051764,0.47062
1,0.27632,0.45681
1,0.90233,0.24154
1,0.82047,0.45796
1,0.42237,0.40904
1,0.47796,0.36262
1,0.29477,0.3275
1,0.55891,0.12486
1,0.60929,0.52867
1,0.3037,0.74285
1,0.67923,0.35042
1,0.02119,0.062576
1,0.50245,0.65102
1,0.18498,0.43871
1,0.38978,0.14451
1,0.64364,0.52114
1,0.60867,0.28791
1,0.31009,0.67909
1,0.21518,-0.045189
1,0.65394,0.33338
1,0.72409,0.60052
1,0.41842,0.18598
1,0.66856,0.30446
1,0.75765,0.19692
1,0.23819,0.29462
1,0.50626,0.32007
1,0.41704,0.52064
1,0.70994,0.71899
1,0.38949,0.24684
1,0.54533,0.45954
1,0.47028,0.22194
1,0.59452,0.62633
1,0.57494,0.1014
1,0.65631,0.58356
